snack_id	name	image	flavor	type_id
1	해태제과 허니버터칩	https://thumbnail7.coupangcdn.com/thumbnails/remote/230x230ex/image/retail/images/2176527173461804-7f6df6ac-4452-447a-abff-fe910190a27c.jpg	달콤한맛	감자과자
2	켈로그 프링글스 버터카라멜	https://thumbnail10.coupangcdn.com/thumbnails/remote/230x230ex/image/retail/images/8428453367589017-a10d689b-14f4-4e29-9526-49c84f82a51a.jpg	달콤한맛	감자과자
3	켈로그 프링글스 스윗마요치즈	https://thumbnail6.coupangcdn.com/thumbnails/remote/230x230ex/image/retail/images/8427135119112510-be27c4a9-b551-455d-86df-0bd589229e11.jpg	달콤한맛	감자과자
4	No Brand 노브랜드 감자칩 고구마칩 110g 3종 오리지널 샤워크림앤어니언 자색고구마 혼합 택1	https://thumbnail10.coupangcdn.com/thumbnails/remote/230x230ex/image/vendor_inventory/efd3/4d3b48bf6230395da046ee8907983cc1449756b874fb023b216c83f15e6a.png	달콤한맛	감자과자
5	켈로그 프링글스 버터카라멜	https://thumbnail7.coupangcdn.com/thumbnails/remote/230x230ex/image/retail/images/8427315327172585-7f8c094e-79d2-4a1f-8138-5260cedc08df.jpg	달콤한맛	감자과자
6	아로마트러플 블랙써머 트러플 포테이토칩 오리지널	https://thumbnail7.coupangcdn.com/thumbnails/remote/230x230ex/image/retail/images/2020/06/12/11/8/380a219b-37e0-477b-a505-bf266456b41d.jpg	달콤한맛	감자과자
7	가루비 포테이토칩 빅백 일본 감자 스낵 152g 12봉	https://thumbnail10.coupangcdn.com/thumbnails/remote/230x230ex/image/vendor_inventory/8b84/bc210fb957c58e74ee90211b78690485a2eb548dec793eb3e82526a0257a.jpg	달콤한맛	감자과자
8	Win2 해피무 1+1 버터맛	https://thumbnail7.coupangcdn.com/thumbnails/remote/230x230ex/image/vendor_inventory/8e33/85ebcb870bf28e4dab7f937c3abefc5247ece9dd9f4e6a82f950d1f5a735.jpg	달콤한맛	감자과자
9	해태제과 허니버터칩	https://thumbnail10.coupangcdn.com/thumbnails/remote/230x230ex/image/retail/images/1218161943593611-7a0cb5d8-093c-44d8-af2d-89adfbbb2683.jpg	달콤한맛	감자과자
10	WIN2 위니 포테이토 크리스프 씨푸드맛 (15g X 60개입) 900g	https://thumbnail8.coupangcdn.com/thumbnails/remote/230x230ex/image/vendor_inventory/3662/a4d9241330f77754c8ce81392013729490dd2006c7b51edfd09f4b1cbe68.jpg	달콤한맛	감자과자
11	프링글스 버터 카라멜	https://thumbnail10.coupangcdn.com/thumbnails/remote/230x230ex/image/vendor_inventory/2959/fbaafd7619721006ad380ba380c1072c8acc449fa4fa3b9edb9276400268.jpg	달콤한맛	감자과자
12	Win Win 포테이토 크리스프 스위트콘맛 75g 옥수수맛 수입 과자 (15g X 5개입)	https://thumbnail9.coupangcdn.com/thumbnails/remote/230x230ex/image/vendor_inventory/03c0/8fac22da5b37e0b7db469e9c57ce4bb04ddb0eb2961505fde8488d036a74.jpg	달콤한맛	감자과자
13	이탈리안 블랙 트러플 솔트 5온스 재밀봉 가능한 파우치 - 샌프란시스코 컴퍼니	https://thumbnail6.coupangcdn.com/thumbnails/remote/230x230ex/image/vendor_inventory/84fc/b2822420c5b2e6d973828860df3f0292969062113758182dba4d900472a6.jpg	달콤한맛	감자과자
14	블랙 트러플 소금 시즈닝 이탈리아 오일로 맛을 낸 미식가 바다 4oz 항아리	https://thumbnail7.coupangcdn.com/thumbnails/remote/230x230ex/image/vendor_inventory/3453/b39ab02244c5f7c5bf9ec2f4bc9c2a456aaafa854f3905413d662184d00c.jpg	달콤한맛	감자과자
15	코이케야 새콤 카라무초 양념치킨맛 포테이토칩 감자과자 53gx12개	https://thumbnail7.coupangcdn.com/thumbnails/remote/230x230ex/image/vendor_inventory/c85a/2796accd1912715c8c14ee3e92ecd0fe635c992856f4f7505fb09cc7c2b2.jpg	달콤한맛	감자과자
16	레드락 델리 라임과 후추 감자 칩 165gm	https://thumbnail9.coupangcdn.com/thumbnails/remote/230x230ex/image/vendor_inventory/9060/9ddc10fa9d8bd8490892b7bb2126a0a2bd131d9d6a24d3f7c39cb1f50d80.jpg	달콤한맛	감자과자
17	포테이토 크리스프 바비큐 맛(900g)+씨푸드 맛(900g	https://thumbnail7.coupangcdn.com/thumbnails/remote/230x230ex/image/vendor_inventory/3573/42e24bf2f6d81075ea7d93f2e505a9fc3291829325758f3c7e1d5e2e767e.jpg	달콤한맛	감자과자
18	Calbee 가루비 명란버터 맛 자가리코 52g 12개	https://thumbnail8.coupangcdn.com/thumbnails/remote/230x230ex/image/vendor_inventory/68ce/0992ea9f7d474c56ff8f9a7c7dc5a558e6a29d717049c8fcd062f673bfd0.jpg	달콤한맛	감자과자
19	(미국과자) TGI Friday s 4 oz Cheddar Bacon Potato Skins Chips (3 Bags)	https://thumbnail6.coupangcdn.com/thumbnails/remote/230x230ex/image/vendor_inventory/3a2a/d0a6952889f2a11f26eb6fb2b4e337b7b6f57c93e6a8cbcae462c0577bc2.jpg	달콤한맛	감자과자
20	(미국과자) 테라 칩 스낵 사이즈 버라이어티 팩 24개입(1개입)	https://thumbnail7.coupangcdn.com/thumbnails/remote/230x230ex/image/vendor_inventory/3bc9/ee0de893cff00c7d41ab4296831cb7f8b30ce54ed068c7ecf40d410b60ef.jpg	달콤한맛	감자과자
21	레이즈 독특한맛 lays 3ea가재구이맛 스테이크 타코야끼 베이징구스맛	https://thumbnail9.coupangcdn.com/thumbnails/remote/230x230ex/image/vendor_inventory/e36f/2afa04f7bdc7b984ff4a8a2957c2caf62c2d64ab9da7f4b35a5e916fe452.png	달콤한맛	감자과자
22	가루비 포테이토 감자칩 단백한 맛 67g 12봉	https://thumbnail6.coupangcdn.com/thumbnails/remote/230x230ex/image/vendor_inventory/2322/d1962014249336303d1465cbff8e8bc39424065f8421b2a6ff6272b44481.jpeg	달콤한맛	감자과자
23	가루비 포테이토 감자 칩 바삭한 프라이드 치킨 맛 115g 12개	https://thumbnail9.coupangcdn.com/thumbnails/remote/230x230ex/image/vendor_inventory/5269/b962f0a8a0fc3102a13aa81cd2f9185a62f1c3d40f2686d90e8179d9f5d4.jpg	달콤한맛	감자과자
24	일본 가루비 잉카노 메자메 황금 감차칩 18g 8봉지	https://thumbnail7.coupangcdn.com/thumbnails/remote/230x230ex/image/vendor_inventory/0579/ae359015dc1bb4a459c35d93f857fb1ff98e254e5f9bb083b72057a2b06d.jpg	달콤한맛	감자과자
25	(미국과자) TGI Friday s 4 oz Cheddar Bacon Potato Skins Chips (3 Bags)	https://thumbnail8.coupangcdn.com/thumbnails/remote/230x230ex/image/vendor_inventory/89bd/7a5cc61f587f67d77da962e50be447d66f5ef37846674140b329b9a80acd.jpg	달콤한맛	감자과자
26	일본 가루비 포테이토팜 다시마 감자칩 15g 6봉지	https://thumbnail7.coupangcdn.com/thumbnails/remote/230x230ex/image/vendor_inventory/2c8c/7a8225130176811915edcfef11e0867da50d3a7b0e784a23791d8695ae1d.jpg	달콤한맛	감자과자
27	가루비 자가리코 샐러드 사라다 bits4 감자과자 56gx12봉지	https://thumbnail8.coupangcdn.com/thumbnails/remote/230x230ex/image/vendor_inventory/dd47/b4b6f71c7e830341eb92cb3f4f909f9e00ab9058e328156d283ef3d167bd.jpg	달콤한맛	감자과자
28	가루비 감자칩 노리시오 김 소금 과 참기름 맛 포테이토칩 94g 12봉	https://thumbnail9.coupangcdn.com/thumbnails/remote/230x230ex/image/vendor_inventory/0137/ac00a78e34ff8ce6adb0519cda9e622bed98e6b103a0af92dd86661eb2f7.jpg	달콤한맛	감자과자
29	가루비 포테이토칩 빅백 일본 감자 스낵 152g 12봉	https://thumbnail6.coupangcdn.com/thumbnails/remote/230x230ex/image/vendor_inventory/5fbb/c2e71c7589089417eb83cabd5d37bbf79b2b7f7742ac35683a55a11ae78f.jpg	달콤한맛	감자과자
30	가루비 완두콩 스낵 시야엔도 고추맛 60g 12봉지	https://thumbnail10.coupangcdn.com/thumbnails/remote/230x230ex/image/vendor_inventory/f72d/1e4a4696848c8cfa425e6bfb93c2c7d38c49fa7e6449b2efc79620034295.jpg	달콤한맛	감자과자
31	가루비 포테이토칩 58g 4개 딱딱한 감자칩 63g 4개 큐슈간장맛 일본 간식 안주	https://thumbnail9.coupangcdn.com/thumbnails/remote/230x230ex/image/vendor_inventory/6b30/77f417c2c976e8c6b6cea830825592d8bbfa09400b1baa45d88c9a0a4988.jpg	달콤한맛	감자과자
32	가루비 크런치 감자칩 더블 마늘 맛 포테이토칩 60g 12봉지	https://thumbnail8.coupangcdn.com/thumbnails/remote/230x230ex/image/vendor_inventory/c3ca/b6e6525091aaf07ab80fb8747f2977bd5c514df0a8dd3b8d10496d1433d8.jpg	달콤한맛	감자과자
33	(미국과자)미스 비키의 주전자 요리 감자 칩 버라이어티 팩 1.375온스(28개 팩)	https://thumbnail7.coupangcdn.com/thumbnails/remote/230x230ex/image/vendor_inventory/ee08/dc65fe2e4cf6c7eb4c6eb20c5462cb3b42a30c5cc2661ef8f09a580e9cc8.jpg	달콤한맛	감자과자
34	가루비 감자칩 라이트 크리스피 프라이 포테이토 스낵 65g 12봉	https://thumbnail7.coupangcdn.com/thumbnails/remote/230x230ex/image/vendor_inventory/92f5/cdfa0043e137164c46638b68ac6d3324665acaf633ba398550543d7b104a.jpg	달콤한맛	감자과자
35	가루비 포테이토칩 우스시오 소금맛 GO5PACK 140g 8개	https://thumbnail7.coupangcdn.com/thumbnails/remote/230x230ex/image/vendor_inventory/9314/b77ff69d5c33b9c87188bbebb3e355db5bc4ca2cf931976dedddf16616d1.jpg	달콤한맛	감자과자
36	가루비 미노믹스 miinoMIX 검은콩 캐슈넛 소금 맛 27g 12 봉지	https://thumbnail7.coupangcdn.com/thumbnails/remote/230x230ex/image/vendor_inventory/f13a/021c196a2292a76bfe1a9a6458f4dd826a95582993aa420a9607e3bf787d.jpg	달콤한맛	감자과자
37	Pringles 프링글스 타코야키맛 3개	https://thumbnail10.coupangcdn.com/thumbnails/remote/230x230ex/image/vendor_inventory/9c7c/2df558d649d7db91b08c9fa6c317e5cc7fe6b887e3d69cf2679202d4fe56.jpg	달콤한맛	감자과자
38	Calbee 칼비 가루비 일본 편의점 과자 카타아게 포테이토 매실맛 60g 12봉지 감자칩 스낵	https://thumbnail7.coupangcdn.com/thumbnails/remote/230x230ex/image/vendor_inventory/ac4a/4fb10cf5c652392a3897a8dedaade6c1a005105c6e0845b841f7b5432383.jpg	달콤한맛	감자과자
39	가루비 미노믹스 검은콩 캐슈넛 맛 27g 12봉지	https://thumbnail7.coupangcdn.com/thumbnails/remote/230x230ex/image/vendor_inventory/1b30/e4eb73b511bfe0047e0b128906ed49012e9a25bcd6f0fd75e8774b0dcdda.jpg	달콤한맛	감자과자
40	가루비 자가리코 매운 칠리 오일 치킨 맛 52g 12개 일본 스낵 과자	https://thumbnail10.coupangcdn.com/thumbnails/remote/230x230ex/image/vendor_inventory/69ed/c04c37d281db8aad2dd566bb560083bc776672379d4d0e25f0bf65286662.jpg	달콤한맛	감자과자
41	가루비 포테이토칩 매콤한 한국산 김 맛 감자칩 58g 12봉	https://thumbnail6.coupangcdn.com/thumbnails/remote/230x230ex/image/vendor_inventory/acf7/29ddf61499afe6433411c0b1c4529947485d223c0f847a7153d728208406.jpg	달콤한맛	감자과자
42	일본 가루비 자가리코 아스파라거스베이컨맛 / 치즈맛 L사이즈 66g 12개	https://thumbnail7.coupangcdn.com/thumbnails/remote/230x230ex/image/vendor_inventory/155f/ebce6e8f04e3a89d39de75488f2ca732e8a1485532403e2fe295ef1cc5c4.jpg	달콤한맛	감자과자
43	가루비 그릴드 포테이토 칩 65g 12봉지 일본 과자	https://thumbnail7.coupangcdn.com/thumbnails/remote/230x230ex/image/vendor_inventory/517c/c61a72e73af8fa0eedeca5ed1627a1c2f55fbf7175591e0f575e03c9019e.jpg	달콤한맛	감자과자
44	가루비 감자 칩 구이 맛 65g x 12봉 일본 과자	https://thumbnail8.coupangcdn.com/thumbnails/remote/230x230ex/image/vendor_inventory/03fb/59ed72a906eb4e99c4106d4ca309782b619336d14d43c2648ddc0132b167.jpg	달콤한맛	감자과자
45	가루비 포테이토칩 우스시오 옅은소금맛 감자칩 60g 12봉지 일본 스낵 과자	https://thumbnail7.coupangcdn.com/thumbnails/remote/230x230ex/image/vendor_inventory/1c92/a737c3141ec42561f1274a9433d2ddc96eabed01bdc141ffe1d8c19af929.jpg	달콤한맛	감자과자
46	가루비 BIG BAG 포테이토칩 152g 12봉 일본 감자 스낵 과자	https://thumbnail6.coupangcdn.com/thumbnails/remote/230x230ex/image/vendor_inventory/5fbb/c2e71c7589089417eb83cabd5d37bbf79b2b7f7742ac35683a55a11ae78f.jpg	달콤한맛	감자과자
47	가루비 매운 피자 맛 포테이토칩 57g 12봉지	https://thumbnail8.coupangcdn.com/thumbnails/remote/230x230ex/image/vendor_inventory/e1b5/7d6615036a2921571333919e3e69a62f9af91e70cc2062dea526066e87b1.jpg	달콤한맛	감자과자
48	가루비 포테이토칩 감자 과자 콘소메 우스시오맛 50gx12개	https://thumbnail7.coupangcdn.com/thumbnails/remote/230x230ex/image/vendor_inventory/9f04/3a713eb70b13ca4678c1a1bb0825708e8823ba9bba73c61ba7ed44afd088.jpg	달콤한맛	감자과자
49	가루비 포테이토칩 큐슈 간장 감자칩 63gX12봉지	https://thumbnail6.coupangcdn.com/thumbnails/remote/230x230ex/image/vendor_inventory/3d11/2b6cf73503e916cb30c6ad7edf5609e4a66ebfeabf364fea288cae55c2dc.jpg	달콤한맛	감자과자
50	일본 가루비 감자칩 포테이토 12가지 맛 스낵 과자 모음	https://thumbnail9.coupangcdn.com/thumbnails/remote/230x230ex/image/vendor_inventory/237c/309887c8d7d86897d3bd4669e269e10259fa351cb293b2ec445eebbd7abc.jpg	달콤한맛	감자과자
51	가루비 자가비 90g 12봉지 일본 과자 간식 스낵 소금맛 / 버터간장맛	https://thumbnail10.coupangcdn.com/thumbnails/remote/230x230ex/image/vendor_inventory/b1cf/a65a4bf4aeea7522cfba790e6db3b89e740dee0378437226238036d5c2c7.jpg	달콤한맛	감자과자
52	(미국과자) Jackson s 고구마 케틀 칩 버라이어티 팩(5oz 4개 팩)	https://thumbnail7.coupangcdn.com/thumbnails/remote/230x230ex/image/vendor_inventory/16fb/29d6224f41b08d015bd46f2f4516cefcff3d425dd7c129e68daf40ed7967.jpg	달콤한맛	감자과자
53	(미국과자) Jackson s 고구마 케틀 칩 버라이어티 팩(5oz 4개 팩)	https://thumbnail7.coupangcdn.com/thumbnails/remote/230x230ex/image/vendor_inventory/4c5b/c5163c67cf4678e10bdbe952b99ce238e194ce4da92096bb8f6d992ca607.jpg	달콤한맛	감자과자
54	가루비 감자칩 바삭한 옅은 소금맛 포테이토칩 우스시오 50g 12개 일본 과자 스낵	https://thumbnail10.coupangcdn.com/thumbnails/remote/230x230ex/image/vendor_inventory/2936/533b7d21429f7bdbfeb21441ae941a6d779334019fc704d48fa393856fa3.jpg	달콤한맛	감자과자
55	일본 가루비 자가리코 아스파라거스베이컨맛 / 치즈맛 L사이즈 66g 12개	https://thumbnail6.coupangcdn.com/thumbnails/remote/230x230ex/image/vendor_inventory/e293/ac4ad893b8d38f743c4cd5c9af3a9ec65fe6994fc3ec6208ba99daff14d4.jpg	달콤한맛	감자과자
56	(미국과자) TGI Fridays Potato Skins Snacks 각 3 온스 백 1 개 (6 팩)	https://thumbnail9.coupangcdn.com/thumbnails/remote/230x230ex/image/vendor_inventory/3db7/686866c99779ae2250fa7c4a9b068dc59dc37d7910811b0d7de1c62358c9.jpg	달콤한맛	감자과자
57	카루비 사야 엔도 블랙 페퍼 맛 55g × 12봉	https://thumbnail7.coupangcdn.com/thumbnails/remote/230x230ex/image/vendor_inventory/f9ef/e00a227dd0120908f19a485a1b8e165112902579088c791f00e2d3a10e14.jpeg	달콤한맛	감자과자
58	프링글스 라이트리 솔티드 칩 5.68 oz (3개 들이)	https://thumbnail9.coupangcdn.com/thumbnails/remote/230x230ex/image/vendor_inventory/2f5a/e1c02002f7f8594b390c6ccc0afcfa1e52255f986196ca1e695cc23d71bb.jpg	달콤한맛	감자과자
59	가루비 포테이토칩 빅백 일본 감자 스낵 152g 12봉	https://thumbnail6.coupangcdn.com/thumbnails/remote/230x230ex/image/vendor_inventory/2e83/38ef6c042ccb8f01b0aaf2abdce3776fa804f9bd2e7e49702091feece727.jpg	달콤한맛	감자과자
60	(미국캔디) 앤디 캡스 Andy Capp s 체다 맛 감자 튀김 3 oz 12 팩	https://thumbnail10.coupangcdn.com/thumbnails/remote/230x230ex/image/vendor_inventory/6eba/a98ae7d5cc3b31e43a34a663990e85645d0103413b871b36ceb3cfe85ef4.jpg	달콤한맛	감자과자
61	포테토칩 오리지널 4p	https://thumbnail6.coupangcdn.com/thumbnails/remote/230x230ex/image/retail/images/2021/08/12/16/6/67203a4d-231a-45d6-9e44-459152748fef.jpg	짭짤한맛	감자과자
62	무뚝뚝감자칩 통후추 소금맛 과자	https://thumbnail7.coupangcdn.com/thumbnails/remote/230x230ex/image/retail/images/1593453182743590-db03143a-e6b1-4626-9081-4b17897d4da6.jpg	짭짤한맛	감자과자
63	프링글스 오리지날 1140g	https://thumbnail7.coupangcdn.com/thumbnails/remote/230x230ex/image/vendor_inventory/61b3/510da2663b62e020f7ca43a1cb56cceb28c873eebe5893fa1970c1365195.jpg	짭짤한맛	감자과자
64	켈로그 프링글스 치즈맛	https://thumbnail7.coupangcdn.com/thumbnails/remote/230x230ex/image/retail/images/1231823207195863-2ae0b8e7-b0cd-4766-9057-5f3f23bf9d0d.jpg	짭짤한맛	감자과자
65	헌터스고메 수제 감자칩 블랙트러플	https://thumbnail9.coupangcdn.com/thumbnails/remote/230x230ex/image/rs_quotation_api/nsqbxm5f/276e256b33b44f8bb89d9a5fd1c0572e.png	짭짤한맛	감자과자
66	레이즈 솔트 앤 비네거 감자칩	https://thumbnail9.coupangcdn.com/thumbnails/remote/230x230ex/image/retail/images/2020/03/26/11/2/36b565cb-9368-4ce6-8b2a-7f30aae7b990.jpg	짭짤한맛	감자과자
67	무뚝뚝감자칩 통후추 소금맛 과자	https://thumbnail10.coupangcdn.com/thumbnails/remote/230x230ex/image/retail/images/95617095927764-22ef44d0-870c-4165-9d98-e00f77498c49.jpg	짭짤한맛	감자과자
68	오리온 무뚝뚝감자칩 통후추 소금맛	https://thumbnail9.coupangcdn.com/thumbnails/remote/230x230ex/image/retail/images/1595049683014522-31e94582-3ab6-478e-a4ce-9fb02051f820.jpg	짭짤한맛	감자과자
69	오감자 대왕 찍먹 크리미 칠리 소스맛	https://thumbnail6.coupangcdn.com/thumbnails/remote/230x230ex/image/retail/images/2022/01/11/9/2/bf933cb9-5e63-4c0c-8490-f49bc651612d.jpg	짭짤한맛	감자과자
70	순감자 글루텐프리 맥주안주 아이간식 감자스틱 국내산 자색 고구마 과자 대용량 150g	https://thumbnail9.coupangcdn.com/thumbnails/remote/230x230ex/image/vendor_inventory/2aa8/4041167842307dde0c1b5ff224d82697ba73d08a79363851d88cae0eb5d8.jpg	짭짤한맛	감자과자
71	프링글스 오리지날 감자스낵	https://thumbnail9.coupangcdn.com/thumbnails/remote/230x230ex/image/retail/images/4198339885384470-0cb3739c-8182-4e0a-85cb-e8f6f0d5593a.jpg	짭짤한맛	감자과자
72	감자알칩 치즈마요맛	https://thumbnail10.coupangcdn.com/thumbnails/remote/230x230ex/image/retail/images/2021/12/22/13/2/c8b16156-49b0-45fc-bc98-e10b1540cbe1.jpg	짭짤한맛	감자과자
73	프링글스 오리지날 감자스낵	https://thumbnail7.coupangcdn.com/thumbnails/remote/230x230ex/image/vendor_inventory/958d/33b321ec6e52d4d25550e722c4e9b193e3478677d29f5926306be274d195.jpg	짭짤한맛	감자과자
74	라아부엘라니에베스 포테이토칩	https://thumbnail8.coupangcdn.com/thumbnails/remote/230x230ex/image/retail/images/426307522782596-18ce2a3d-8f9f-44d1-90c3-41b1ff5537e6.jpg	짭짤한맛	감자과자
75	포테토칩 육개장사발면맛	https://thumbnail7.coupangcdn.com/thumbnails/remote/230x230ex/image/retail/images/17832485270336-0afbf537-1678-40cf-8743-6aecfe207143.jpg	짭짤한맛	감자과자
76	미라클세일 해태제과 자가비 짭짤한맛 90g 12개	https://thumbnail7.coupangcdn.com/thumbnails/remote/230x230ex/image/vendor_inventory/5784/8f5d277b87377190a868edf15ec6e26fbaf47b23c563b13b46d1e617ca8d.jpg	짭짤한맛	감자과자
77	달곰삼삼 글루텐프리 맥주안주 아이간식 감자스틱 국내산 양파맛 과자 대용량 140g	https://thumbnail6.coupangcdn.com/thumbnails/remote/230x230ex/image/vendor_inventory/9788/5ae71bb04daaf997e2284c2eeda6ab63074202747a32d7ffd35bb1c15a22.jpg	짭짤한맛	감자과자
78	보닐라 아 라 비스타 저염 감자칩	https://thumbnail7.coupangcdn.com/thumbnails/remote/230x230ex/image/vendor_inventory/a80e/067a699b34f160a1dcdd3585dab03f24c849181d135b63538076eb8910d9.jpg	짭짤한맛	감자과자
79	이케아 FESTLIGT 페스틀릭트 감자칩 150g 504.719.84	https://thumbnail6.coupangcdn.com/thumbnails/remote/230x230ex/image/vendor_inventory/afc5/09edeb4ac7eae237b0ee4e24eed8124867fb9949436bd4fdb345da46acd3.jpg	짭짤한맛	감자과자
80	Lay's 레이즈 클래식 포테이토 칩 개별포장 1oz(28.3g) 50개입 Classic Potato Chips	https://thumbnail9.coupangcdn.com/thumbnails/remote/230x230ex/image/vendor_inventory/4b5b/171be91c56f4a75c65d9853b3386fbd9fe574c6a5c2460dc65fe30387d00.jpg	짭짤한맛	감자과자
81	예감 오리지널	https://thumbnail9.coupangcdn.com/thumbnails/remote/230x230ex/image/vendor_inventory/fbf6/9596dbf83e0625fbe8137e48c014e98a9bbf2ec0d994687ec37182b30010.jpg	짭짤한맛	감자과자
82	예감 치즈그라탕	https://thumbnail10.coupangcdn.com/thumbnails/remote/230x230ex/image/vendor_inventory/41de/fdea5cb6d2dfa2514317a25807d95f753ce6e9040b83829a09fd53f4ab8a.jpg	짭짤한맛	감자과자
83	발스낵 그랜드 감자칩 씨솔트	https://thumbnail6.coupangcdn.com/thumbnails/remote/230x230ex/image/retail/images/2022/09/01/13/7/d43695c4-cb71-4807-8cba-149636f2a4fd.png	짭짤한맛	감자과자
84	감자알칩 27gx20봉 알 감자칩 감자 과자 스낵	https://thumbnail10.coupangcdn.com/thumbnails/remote/230x230ex/image/vendor_inventory/b633/45004910f5a7b4fd12d92ee9296b7cf98e1da13ea1928ac4174bbe50622f.jpg	짭짤한맛	감자과자
85	오리온 포카칩 오리지널	https://thumbnail10.coupangcdn.com/thumbnails/remote/230x230ex/image/vendor_inventory/a859/e9c9cee5015c7109cbca39eb54c044f3a3aecdb3a3344e526d56c4739898.jpg	짭짤한맛	감자과자
86	오리온 무뚝뚝감자칩 통후추 소금맛	https://thumbnail9.coupangcdn.com/thumbnails/remote/230x230ex/image/vendor_inventory/ba99/9b1cb54acf1d87e2657e788d7f791fc7b9b3a926a4be7f5d9039e7460ead.jpg	짭짤한맛	감자과자
87	아미카 엘도라다 올리브오일 감자칩	https://thumbnail6.coupangcdn.com/thumbnails/remote/230x230ex/image/retail/images/13178428960835258-7b3f9925-37ef-4d2d-a78f-204484f16b01.jpg	짭짤한맛	감자과자
88	오리온 무뚝뚝감자칩 통후추 소금맛	https://thumbnail6.coupangcdn.com/thumbnails/remote/230x230ex/image/retail/images/641030105022844-3de23ec2-b9d3-4629-9109-043763d2a4e3.jpg	짭짤한맛	감자과자
89	아미카 엘도라다 올리브오일 감자칩	https://thumbnail9.coupangcdn.com/thumbnails/remote/230x230ex/image/retail/images/15150475456645888-6939432a-7afb-403f-b5e4-8830f5ff72dd.jpg	짭짤한맛	감자과자
90	오리온 눈을감자	https://thumbnail8.coupangcdn.com/thumbnails/remote/230x230ex/image/vendor_inventory/ef57/dd086836aabad29312edf0f5be80e3dbe6d6886d892cfdb819a927a96932.jpg	짭짤한맛	감자과자
91	헌터스 블랙트러플 포테이토칩	https://thumbnail9.coupangcdn.com/thumbnails/remote/230x230ex/image/retail/images/427881100006173-776c1aa1-ccbd-41a0-81fb-b9a82c230eb3.jpg	짭짤한맛	감자과자
92	포스틱	https://thumbnail9.coupangcdn.com/thumbnails/remote/230x230ex/image/retail/images/3042223577154124-2b191029-596b-4a30-8f2a-0a5e1d3b6051.jpg	짭짤한맛	감자과자
93	예감 오리온 치즈그라탕	https://thumbnail7.coupangcdn.com/thumbnails/remote/230x230ex/image/vendor_inventory/2bb0/ad04225ed9cd7b7825935ec26cde93ab6f741309cad5de34a1088e3caf29.jpg	짭짤한맛	감자과자
94	마켓오 감자톡 허브솔트맛	https://thumbnail9.coupangcdn.com/thumbnails/remote/230x230ex/image/vendor_inventory/bd97/a9f570a527fc942ba0a36d4af8a38f18364ef5f86cfbf54c731a216dcb14.jpg	짭짤한맛	감자과자
95	아미카 엘도라다 오리지널 러플 감자칩	https://thumbnail10.coupangcdn.com/thumbnails/remote/230x230ex/image/retail/images/15028366715235883-6bc92c45-0bb0-4ad5-80ba-909729fa6ba3.jpg	짭짤한맛	감자과자
96	무뚝뚝감자칩 통후추 소금맛 과자	https://thumbnail8.coupangcdn.com/thumbnails/remote/230x230ex/image/vendor_inventory/429b/a29be28ed0bda8820ca912f49e0dbe2b409b568170c26c220350efb70be8.JPG	짭짤한맛	감자과자
97	[코스트코] 커클랜드 시그니춰 핑크 솔트 감자칩 907gX2개	https://thumbnail7.coupangcdn.com/thumbnails/remote/230x230ex/image/vendor_inventory/c6d3/ae69900d48891c61330b019822bd0f904b48df974cc32d53dbeb313f651d.jpg	짭짤한맛	감자과자
98	예감 치즈그라탕	https://thumbnail6.coupangcdn.com/thumbnails/remote/230x230ex/image/vendor_inventory/4b19/1e35cb9cd03cb7ecf9f830041b3877e3f9f23b296fb80750bda6547aaaba.jpg	짭짤한맛	감자과자
99	예감 치즈그라탕	https://thumbnail10.coupangcdn.com/thumbnails/remote/230x230ex/image/vendor_inventory/bd4c/65c69e6122aa43e0efa266c20e68a20555abc60bf333713427a8685e21d0.jpg	짭짤한맛	감자과자
100	프링글스 오리지날 감자스낵	https://thumbnail8.coupangcdn.com/thumbnails/remote/230x230ex/image/vendor_inventory/6103/f37dc491e4ee9eae32525b73728b5eb93941150aee81f2d1c322aaa4a614.png	짭짤한맛	감자과자
101	오리온 눈을감자 스낵	https://thumbnail9.coupangcdn.com/thumbnails/remote/230x230ex/image/vendor_inventory/e651/b449a3fda08ff4453030776ef56ef4510a85528c35f372b94601330f988b.jpg	짭짤한맛	감자과자
102	헌터스 블랙트러플 포테이토칩	https://thumbnail10.coupangcdn.com/thumbnails/remote/230x230ex/image/retail/images/427901571242564-e702e7e0-4070-46bf-b965-02f8fc186a55.jpg	짭짤한맛	감자과자
103	오리온 포카칩 오리지날 110g	https://thumbnail8.coupangcdn.com/thumbnails/remote/230x230ex/image/vendor_inventory/ff49/fb8b6ff3bc9c49b1bd6e1fdb1e91dade0176a4ef5b153d88b0c5591e4417.jpg	짭짤한맛	감자과자
104	프링글스 구운 김맛	https://thumbnail9.coupangcdn.com/thumbnails/remote/230x230ex/image/retail/images/91c98c65-22b5-4803-8abc-e458b9de680b408389674740388386.png	짭짤한맛	감자과자
105	해태제과 자가비 짭짤한맛 스낵 파우치	https://thumbnail6.coupangcdn.com/thumbnails/remote/230x230ex/image/vendor_inventory/2e9e/1be132d01b007a854d42d9ae34658370b0e67fb64617c9346996ded2e48d.jpg	짭짤한맛	감자과자
106	레이즈 클래식칩 425.2g	https://thumbnail8.coupangcdn.com/thumbnails/remote/230x230ex/image/retail/images/2020/10/07/14/6/eda45403-05c6-4c13-8f10-ad640949c2f6.jpg	짭짤한맛	감자과자
107	오리온 무뚝뚝감자칩 통후추 소금맛	https://thumbnail6.coupangcdn.com/thumbnails/remote/230x230ex/image/retail/images/641030105022844-3de23ec2-b9d3-4629-9109-043763d2a4e3.jpg	짭짤한맛	감자과자
108	해태제과 자가비 짭짤한맛 스낵 파우치	https://thumbnail7.coupangcdn.com/thumbnails/remote/230x230ex/image/vendor_inventory/2508/766d2e95e6d6e7161962be232569917652f79df2db27fd5822eed0fd6745.jpg	짭짤한맛	감자과자
109	아미카 엘도라다 오리지널 러플 감자칩	https://thumbnail10.coupangcdn.com/thumbnails/remote/230x230ex/image/retail/images/15028366715235883-6bc92c45-0bb0-4ad5-80ba-909729fa6ba3.jpg	짭짤한맛	감자과자
110	헌터푸드 헌터스고메 수제감자칩 블랙트러플앤파마산	https://thumbnail6.coupangcdn.com/thumbnails/remote/230x230ex/image/vendor_inventory/c915/9aaa7d3f0179f8636a6c3f81791a274b25b37c6dea2424c27afa24dc4aad.png	짭짤한맛	감자과자
111	농심 포스틱 과자	https://thumbnail6.coupangcdn.com/thumbnails/remote/230x230ex/image/retail/images/676446668400856-73c3536f-3ec1-47ff-9e36-22a3e1f1447f.jpg	짭짤한맛	감자과자
112	해태제과 자가비 짭짤한맛 스낵 파우치	https://thumbnail10.coupangcdn.com/thumbnails/remote/230x230ex/image/retail/images/9105068642143124-4e31b04a-57bf-4f67-a78d-1b5c723e7c2f.jpg	짭짤한맛	감자과자
113	스윙칩 볶음고추장맛	https://thumbnail7.coupangcdn.com/thumbnails/remote/230x230ex/image/vendor_inventory/images/2018/07/23/12/6/516b08c3-4fa3-4057-93e4-d8674ecf7b44.jpg	짭짤한맛	감자과자
114	가루비 감자칩 크리스프 콘소메 펀치 115g 12개 일본과자 일본간식 주전부리 혼술안주	https://thumbnail7.coupangcdn.com/thumbnails/remote/230x230ex/image/vendor_inventory/4bd3/d4f9b40581bcb712156b63798f180b71c28cdd14f94d20a6caa28c00a290.jpg	짭짤한맛	감자과자
115	일본 가루비 포테이토팜 자가포쿠루 감자칩 18g 6봉지	https://thumbnail6.coupangcdn.com/thumbnails/remote/230x230ex/image/vendor_inventory/847d/bfd91c75abe4d916e2aefe32d94797154a7f4d630929dad914ee589ed002.jpg	짭짤한맛	감자과자
116	농심 감자깡	https://thumbnail8.coupangcdn.com/thumbnails/remote/230x230ex/image/vendor_inventory/584b/c9ebf826c0365e3598962187bc4b7df508c3b55120b421c64145ce376a0c.jpg	짭짤한맛	감자과자
117	프링글스 구운 김맛	https://thumbnail10.coupangcdn.com/thumbnails/remote/230x230ex/image/retail/images/3933285843113860-16d2e4e0-31d6-452a-a941-18a13adf602c.jpg	짭짤한맛	감자과자
118	일본 가루비 포테이토팜 자가포쿠루 감자칩 18g 10봉지	https://thumbnail6.coupangcdn.com/thumbnails/remote/230x230ex/image/vendor_inventory/7fa8/cbc85394dc74aae1082b1372a8a62db2423bbf448ab25986ec983298ef97.jpg	짭짤한맛	감자과자
119	해태제과 자가비 짭짤한맛 스낵 파우치	https://thumbnail7.coupangcdn.com/thumbnails/remote/230x230ex/image/vendor_inventory/2508/766d2e95e6d6e7161962be232569917652f79df2db27fd5822eed0fd6745.jpg	짭짤한맛	감자과자
120	일본 가루비 포테이토팜 다시마 감자칩 15g 6봉지	https://thumbnail7.coupangcdn.com/thumbnails/remote/230x230ex/image/vendor_inventory/810f/72d0dedb956c862a4fa849ba7a18d421ee3ae35b3ffb1e24da760b06255a.jpg	짭짤한맛	감자과자
121	빙그레 99칼로리칩 오리지널	https://thumbnail9.coupangcdn.com/thumbnails/remote/230x230ex/image/retail/images/2011973966455552-48e00aa0-6e89-4eb9-93f5-c6757e3cefee.jpg	고소한맛	감자과자
122	빙그레 99칼로리칩 버터솔트	https://thumbnail8.coupangcdn.com/thumbnails/remote/230x230ex/image/retail/images/2899549267745405-3cee7b94-fecb-4659-b6b4-75bf4d76125b.png	고소한맛	감자과자
123	농심 포스틱 지퍼 과자 대	https://thumbnail9.coupangcdn.com/thumbnails/remote/230x230ex/image/retail/images/6748321870554815-d292e647-65be-497a-8302-646535f1585b.jpg	고소한맛	감자과자
124	달곰삼삼 글루텐프리 맥주안주 아이간식 감자스틱 국내산 고소한 감자맛 과자 대용량 140g	https://thumbnail8.coupangcdn.com/thumbnails/remote/230x230ex/image/vendor_inventory/ef94/9b002ad965b78a6caede1386f929b57a035a19d98229098db8410f91bf5d.jpg	고소한맛	감자과자
125	빙그레 99칼로리칩 오리지널	https://thumbnail10.coupangcdn.com/thumbnails/remote/230x230ex/image/retail/images/2020/09/11/18/1/5dd60688-e761-45ff-85f5-3b19fa8e51eb.jpg	고소한맛	감자과자
126	보닐라 아 라 비스타 감자칩	https://thumbnail7.coupangcdn.com/thumbnails/remote/230x230ex/image/vendor_inventory/4257/b3ae74d95f2d5230722812bf2a2821f3d29f5d88b573d7027b3edc2188a6.jpg	고소한맛	감자과자
127	빙그레 99칼로리칩 버터솔트	https://thumbnail8.coupangcdn.com/thumbnails/remote/230x230ex/image/retail/images/2020/09/11/18/4/24524ddd-75f9-4c19-ae97-957ae178c298.jpg	고소한맛	감자과자
128	빙그레 99칼로리칩 오리지널	https://thumbnail10.coupangcdn.com/thumbnails/remote/230x230ex/image/retail/images/2020/09/11/18/1/5dd60688-e761-45ff-85f5-3b19fa8e51eb.jpg	고소한맛	감자과자
129	보닐라아라비스타 감자칩	https://thumbnail8.coupangcdn.com/thumbnails/remote/230x230ex/image/vendor_inventory/c333/17232f0f3fdd5283dc01fc43a43f6e5404e27e80198dcbf07b30065c49df.jpg	고소한맛	감자과자
130	[쿠팡수입] 포테이토 크리스프 스낵 스위트콘맛	https://thumbnail8.coupangcdn.com/thumbnails/remote/230x230ex/image/retail/images/1935305178521897-59ad4ed0-d40b-44a4-a61a-230aeae8f1ce.jpg	고소한맛	감자과자
131	[쿠팡수입] 포테이토 크리스프 스낵 스위트콘맛	https://thumbnail8.coupangcdn.com/thumbnails/remote/230x230ex/image/retail/images/1935305178521897-59ad4ed0-d40b-44a4-a61a-230aeae8f1ce.jpg	고소한맛	감자과자
132	해피무 버터향 비스킷	https://thumbnail6.coupangcdn.com/thumbnails/remote/230x230ex/image/vendor_inventory/images/2018/07/16/15/3/be2dc59a-3c9a-4930-958c-4c50b9cadd30.jpg	고소한맛	감자과자
133	프링글스 버터 카라멜	https://thumbnail6.coupangcdn.com/thumbnails/remote/230x230ex/image/vendor_inventory/2748/98df479fd58fc678c132df2a59ddd28b46390821a1af49c704b1bb8546b0.jpg	고소한맛	감자과자
134	오리온 포카칩 오리지날	https://thumbnail6.coupangcdn.com/thumbnails/remote/230x230ex/image/vendor_inventory/d4af/515e48e64e071447337e8bc55b36e20f88f75b40432c0792577193e174d3.png	고소한맛	감자과자
135	해태제과 구운감자	https://thumbnail6.coupangcdn.com/thumbnails/remote/230x230ex/image/vendor_inventory/6f86/19d4e8cf3b8c7a5bd8c5d99413aec71b8e88e182892515be09a4c17ab1e7.jpg	고소한맛	감자과자
136	해태제과 구운감자	https://thumbnail9.coupangcdn.com/thumbnails/remote/230x230ex/image/vendor_inventory/cf82/1cae79dfa62a633e7cb366413b49a68b6d02806976bd9935d3de6cf33dff.JPG	고소한맛	감자과자
137	곡물그대로 21곡 500g	https://thumbnail9.coupangcdn.com/thumbnails/remote/230x230ex/image/vendor_inventory/b120/0564f0d584b925a8190fe3f9e83a876c3a46011f3bdb0038c8962d1043fb.jpg	고소한맛	감자과자
138	프링글스 버터카라멜	https://thumbnail10.coupangcdn.com/thumbnails/remote/230x230ex/image/vendor_inventory/8354/29371deccec8bb626870140f93b9ad9920ba06b12b22ccf26f0986f8348d.jpg	고소한맛	감자과자
139	농심 포스틱(지퍼대)270gX8개입(1박스)	https://thumbnail7.coupangcdn.com/thumbnails/remote/230x230ex/image/vendor_inventory/c9aa/0d2e36c261b0bd36562627cb2d9851fe6223c8badbd34a32504a337614be.jpg	고소한맛	감자과자
140	신콩칩 휴게소 돼지감자과자 카사바칩 스낵 건강과자 3봉지 세트	https://thumbnail6.coupangcdn.com/thumbnails/remote/230x230ex/image/vendor_inventory/1b2f/bc8abdc984fb6871dbd6612d7bd27deca42ee0d0951e1e544cd46eb2919a.jpeg	고소한맛	감자과자
141	해태제과 구운감자	https://thumbnail8.coupangcdn.com/thumbnails/remote/230x230ex/image/vendor_inventory/6613/9bbf210552e3487087aad7bffabcbe970710c0ab89e223636f14019fd485.png	고소한맛	감자과자
142	오리온 예감 8팩 대용량 감자과자	https://thumbnail7.coupangcdn.com/thumbnails/remote/230x230ex/image/vendor_inventory/1eb1/bbe58bfeeac7b8da168664fc737cf65d216472bf6abb09ab632f7ee7283c.jpg	고소한맛	감자과자
143	빙그레 99칼로리칩 버터솔트	https://thumbnail9.coupangcdn.com/thumbnails/remote/230x230ex/image/retail/images/03ffe7e0-cdc8-45c0-8ff0-4ba623f0d7cf1793097746792973177.png	고소한맛	감자과자
144	[두레에프엔이] /강원도 강냉이160g/국내산강냉이/옥수수/간식/뻥튀기/친환경/유기농설탕함류/	https://thumbnail8.coupangcdn.com/thumbnails/remote/230x230ex/image/vendor_inventory/00ec/ff372be7c6747b0c1be1efdad4c6ddc29a07ac2e768a8ced5f8dfad19ed6.jpg	고소한맛	감자과자
145	해태제과 구운감자	https://thumbnail9.coupangcdn.com/thumbnails/remote/230x230ex/image/vendor_inventory/581a/3aeb1c6789722371131caf3873bbbaa5c61a81b9c299658db6ad9c838401.png	고소한맛	감자과자
146	해태제과 구운감자	https://thumbnail9.coupangcdn.com/thumbnails/remote/230x230ex/image/product/image/vendoritem/2017/02/15/3012793384/c6806d5f-4e33-4f44-a918-c7c2ac494bad.jpg	고소한맛	감자과자
147	해태제과 구운감자	https://thumbnail8.coupangcdn.com/thumbnails/remote/230x230ex/image/vendor_inventory/9529/96eafc0bb21af71dcd7b97b361e96ec0f36e0e3e59beda233e8741f4a3fe.jpg	고소한맛	감자과자
148	해태제과 구운 감자 슬림 스낵 12p	https://thumbnail7.coupangcdn.com/thumbnails/remote/230x230ex/image/retail/images/2017/09/01/15/6/fd9862e0-e52f-483f-b1da-ccee3119495c.jpg	고소한맛	감자과자
149	카사바칩 오리지널 120g 3봉지	https://thumbnail10.coupangcdn.com/thumbnails/remote/230x230ex/image/vendor_inventory/1003/12410fa81d8085bcf91e14d8b47aa1cf35635d8525b44078585929d2a379.jpg	고소한맛	감자과자
150	해태제과 구운감자	https://thumbnail6.coupangcdn.com/thumbnails/remote/230x230ex/image/vendor_inventory/6f86/19d4e8cf3b8c7a5bd8c5d99413aec71b8e88e182892515be09a4c17ab1e7.jpg	고소한맛	감자과자
151	해태제과 구운감자	https://thumbnail9.coupangcdn.com/thumbnails/remote/230x230ex/image/vendor_inventory/cf82/1cae79dfa62a633e7cb366413b49a68b6d02806976bd9935d3de6cf33dff.JPG	고소한맛	감자과자
152	해태제과 구운감자	https://thumbnail9.coupangcdn.com/thumbnails/remote/230x230ex/image/vendor_inventory/cf82/1cae79dfa62a633e7cb366413b49a68b6d02806976bd9935d3de6cf33dff.JPG	고소한맛	감자과자
153	해태제과 구운감자	https://thumbnail7.coupangcdn.com/thumbnails/remote/230x230ex/image/vendor_inventory/c735/69e7eff79838ecedd25e1540c36390358af878eb8df827e0a98ef41e772a.JPG	고소한맛	감자과자
154	해태제과 구운감자	https://thumbnail9.coupangcdn.com/thumbnails/remote/230x230ex/image/vendor_inventory/cf82/1cae79dfa62a633e7cb366413b49a68b6d02806976bd9935d3de6cf33dff.JPG	고소한맛	감자과자
155	해태제과 구운감자	https://thumbnail6.coupangcdn.com/thumbnails/remote/230x230ex/image/vendor_inventory/470b/d20ecaa26ed69e08d49f1139c77daab845d857caefde14b938a201cebb8f.png	고소한맛	감자과자
156	해태제과 구운감자	https://thumbnail9.coupangcdn.com/thumbnails/remote/230x230ex/image/vendor_inventory/cf82/1cae79dfa62a633e7cb366413b49a68b6d02806976bd9935d3de6cf33dff.JPG	고소한맛	감자과자
157	해태제과 구운감자	https://thumbnail8.coupangcdn.com/thumbnails/remote/230x230ex/image/vendor_inventory/727d/a66bfab1aca6468d81ad4fe78db8f5ebf65cab5db54d87f0d372ca9e4095.PNG	고소한맛	감자과자
158	해태제과 구운감자	https://thumbnail6.coupangcdn.com/thumbnails/remote/230x230ex/image/vendor_inventory/470b/d20ecaa26ed69e08d49f1139c77daab845d857caefde14b938a201cebb8f.png	고소한맛	감자과자
159	해태제과 구운감자	https://thumbnail8.coupangcdn.com/thumbnails/remote/230x230ex/image/vendor_inventory/182c/0ce3b666b1ee8a0182ac832a7fb206b0e09817250cb50f2affa407a85fab.jpg	고소한맛	감자과자
160	해태제과 구운감자	https://thumbnail7.coupangcdn.com/thumbnails/remote/230x230ex/image/vendor_inventory/6923/853b36e3ac5b968fe17aa5af188828376fde5f1d64aa8fc241e40e39dc57.png	고소한맛	감자과자
161	해태제과 구운감자	https://thumbnail6.coupangcdn.com/thumbnails/remote/230x230ex/image/vendor_inventory/470b/d20ecaa26ed69e08d49f1139c77daab845d857caefde14b938a201cebb8f.png	고소한맛	감자과자
162	해태제과 구운감자	https://thumbnail7.coupangcdn.com/thumbnails/remote/230x230ex/image/vendor_inventory/6923/853b36e3ac5b968fe17aa5af188828376fde5f1d64aa8fc241e40e39dc57.png	고소한맛	감자과자
163	해태제과 구운감자	https://thumbnail7.coupangcdn.com/thumbnails/remote/230x230ex/image/vendor_inventory/9f6b/d7e704d5b4a497578ae2f978c210824f1338493a1531c8d02b68bed33c57.PNG	고소한맛	감자과자
164	해태제과 구운감자	https://thumbnail8.coupangcdn.com/thumbnails/remote/230x230ex/image/vendor_inventory/9529/96eafc0bb21af71dcd7b97b361e96ec0f36e0e3e59beda233e8741f4a3fe.jpg	고소한맛	감자과자
165	해태제과 구운감자	https://thumbnail10.coupangcdn.com/thumbnails/remote/230x230ex/image/vendor_inventory/a531/5b74cbac1da437e5a774cf8ec4f06f212cd9ca9eb0d67a7249205d35f749.JPG	고소한맛	감자과자
166	해태제과 구운감자	https://thumbnail10.coupangcdn.com/thumbnails/remote/230x230ex/image/vendor_inventory/9952/13bf99763352192c15aaf53fafdd1e7593595bb96632dbf8f32bee1e5148.jpg	고소한맛	감자과자
167	해태제과 구운감자	https://thumbnail10.coupangcdn.com/thumbnails/remote/230x230ex/image/vendor_inventory/9952/13bf99763352192c15aaf53fafdd1e7593595bb96632dbf8f32bee1e5148.jpg	고소한맛	감자과자
168	오리온 포카칩 오리지날 38g x 4개 (4번들)	https://thumbnail8.coupangcdn.com/thumbnails/remote/230x230ex/image/vendor_inventory/8033/c87799a857f01b4a8fb25c9bb6419aa0feafc51223091166d857aa8631d4.jpg	고소한맛	감자과자
169	해태제과 구운감자 슬림	https://thumbnail6.coupangcdn.com/thumbnails/remote/230x230ex/image/retail/images/2018/01/12/17/4/613c0051-2683-4257-ab80-e59f00b62b15.jpg	고소한맛	감자과자
170	오감자 오리온 그라탕 지퍼백 감자스낵	https://thumbnail7.coupangcdn.com/thumbnails/remote/230x230ex/image/rs_quotation_api/0asugpuv/d15ff293fc874bdd9448db2f309ee3c3.jpg	고소한맛	감자과자
171	오리온 포카칩 오리지날	https://thumbnail6.coupangcdn.com/thumbnails/remote/230x230ex/image/retail/images/2890004919436911-d6aa002f-0954-452a-84c0-37e1a80b3c7b.jpg	고소한맛	감자과자
172	빙그레 99칼로리칩 버터솔트	https://thumbnail8.coupangcdn.com/thumbnails/remote/230x230ex/image/retail/images/2020/09/11/18/4/24524ddd-75f9-4c19-ae97-957ae178c298.jpg	고소한맛	감자과자
173	빙그레 99칼로리칩 오리지널	https://thumbnail9.coupangcdn.com/thumbnails/remote/230x230ex/image/retail/images/2011973966455552-48e00aa0-6e89-4eb9-93f5-c6757e3cefee.jpg	고소한맛	감자과자
174	해태 빠삭한 치즈감자	https://thumbnail10.coupangcdn.com/thumbnails/remote/230x230ex/image/vendor_inventory/b73f/ac2a033b0f44db5993f4c2958fdaf7376649c5b896b461f3b4ba0d106d02.jpg	고소한맛	감자과자
175	해태제과 구운감자	https://thumbnail7.coupangcdn.com/thumbnails/remote/230x230ex/image/vendor_inventory/cd18/07cef3d833b4964ce3aa7df0c15caf1d975dc4d97be2c3f01464a612a344.jpg	고소한맛	감자과자
176	레알 감자 스낵 23g x 16입 밀가루 무첨가 리얼 포테이토	https://thumbnail7.coupangcdn.com/thumbnails/remote/230x230ex/image/vendor_inventory/e069/85cbf8365c551eb67e17459fd4fd3bd42bfe4f8cea923b45d7a36099aad1.jpg	고소한맛	감자과자
177	순 감자 고소한 감자맛	https://thumbnail8.coupangcdn.com/thumbnails/remote/230x230ex/image/retail/images/2021/03/24/10/2/f21476d9-d8ff-421c-9c13-93b57d3896a0.jpg	고소한맛	감자과자
178	HJ 쌀팝 500g	https://thumbnail9.coupangcdn.com/thumbnails/remote/230x230ex/image/vendor_inventory/2c87/f3858e24bd9e7440534e475cddafa85d82bbba0e06fb8f7ce52e37c57a2b.jpg	고소한맛	감자과자
179	순감자 고소한 감자맛	https://thumbnail8.coupangcdn.com/thumbnails/remote/230x230ex/image/rs_quotation_api/wan9nnqk/0c6c518b02c945618416100bb0785dd5.png	고소한맛	감자과자
180	미라클세일 포테이토 크리스프	https://thumbnail6.coupangcdn.com/thumbnails/remote/230x230ex/image/vendor_inventory/61c8/79829f296e7acb79f201c61f2baf05283f73f52c95edd201a2e580e91e42.jpg	고소한맛	감자과자
181	스윙칩 볶음고추장맛	https://thumbnail9.coupangcdn.com/thumbnails/remote/230x230ex/image/retail/images/7813541724182668-da7d4fa1-6f25-46b5-89ba-b69bc741bdee.jpg	매콤한맛	감자과자
182	켈로그 프링글스 매운맛	https://thumbnail10.coupangcdn.com/thumbnails/remote/230x230ex/image/retail/images/2449374467688190-52a44e5a-c5f6-4a83-9231-4ff8a2d6e01d.jpg	매콤한맛	감자과자
183	프링글스 스파이시 할라피뇨파퍼맛	https://thumbnail10.coupangcdn.com/thumbnails/remote/230x230ex/image/rs_quotation_api/xjt0upfu/33478dd30ee5456581e6f2e23859f4f4.jpg	매콤한맛	감자과자
184	스윙칩 볶음고추장맛	https://thumbnail9.coupangcdn.com/thumbnails/remote/230x230ex/image/vendor_inventory/e7a5/3241d947e859e430b53c11c9d4b92e7b119c800cc0029112f553476f9732.jpeg	매콤한맛	감자과자
185	오리온 스윙칩 볶음고추장맛	https://thumbnail9.coupangcdn.com/thumbnails/remote/230x230ex/image/product/image/vendoritem/2018/11/16/3077889280/b6de5457-f268-4b94-8dfc-b00bd328c15d.jpg	매콤한맛	감자과자
186	[미국직배송]레이스 케틀 쿡 할라피뇨 감자칩 대용량 382.7g Lay's Kettle Cooked Potato Chips Jalapeno Party	https://thumbnail8.coupangcdn.com/thumbnails/remote/230x230ex/image/vendor_inventory/ec61/36825f9855e976238338db70a4232f7ab8d19281caafc6e7da80b94002f6.jpg	매콤한맛	감자과자
187	제주농연 감자알칩 매콤한 볶음 고추장맛	https://thumbnail7.coupangcdn.com/thumbnails/remote/230x230ex/image/vendor_inventory/36ae/2ba1834d09eafed0dbc22461f7d1b821c9da37a97aad287b1cb474a900a6.jpg	매콤한맛	감자과자
188	본아미 감자칩 매운맛	https://thumbnail6.coupangcdn.com/thumbnails/remote/230x230ex/image/vendor_inventory/5c75/f02085f04245c8787007bd549ba7ae8e0939fd001da4b4fae69469933ff3.jpg	매콤한맛	감자과자
189	오리온 감자톡 매콤달콤맛	https://thumbnail7.coupangcdn.com/thumbnails/remote/230x230ex/image/vendor_inventory/3692/a285d0d402924e12cd98e62a79d9298052c8472250777e78076c4d66f5fe.jpg	매콤한맛	감자과자
190	켈로그 프링글스 매운맛	https://thumbnail8.coupangcdn.com/thumbnails/remote/230x230ex/image/vendor_inventory/ec63/d2a7c65ad68c550bf8f81ef369da9fef3d4f363791e76061bc7c7bd33d56.png	매콤한맛	감자과자
191	스윙칩 핫 볶음고추장맛	https://thumbnail6.coupangcdn.com/thumbnails/remote/230x230ex/image/vendor_inventory/0be0/b2bc27d7f5eb4b1c1e33ed5f3178ce617509d9109f54e185dd1484f7ff4d.jpeg	매콤한맛	감자과자
192	켈로그 프링글스 매운맛	https://thumbnail8.coupangcdn.com/thumbnails/remote/230x230ex/image/vendor_inventory/135f/d184ffecfe1fec0025928e7c98cd1f92c50d6a1ec63a28eb81d3e8152c4b.jpg	매콤한맛	감자과자
193	오리온 돌아온 썬 오리지널 273g 대용량 지퍼백	https://thumbnail8.coupangcdn.com/thumbnails/remote/230x230ex/image/vendor_inventory/33cf/d12d051f142653f1e6f17775dd8b46a634b72438bae89a1b04957af1ee85.jpg	매콤한맛	감자과자
194	스윙칩 핫 볶음고추장맛	https://thumbnail9.coupangcdn.com/thumbnails/remote/230x230ex/image/vendor_inventory/images/2016/03/10/5/6/d20f9c35-4c7f-43c3-b5c5-0477f8d90437.jpg	매콤한맛	감자과자
195	오리온 스윙칩 볶음고추장맛	https://thumbnail9.coupangcdn.com/thumbnails/remote/230x230ex/image/product/image/vendoritem/2018/11/16/3077889280/b6de5457-f268-4b94-8dfc-b00bd328c15d.jpg	매콤한맛	감자과자
196	스윙칩 핫 볶음고추장맛	https://thumbnail8.coupangcdn.com/thumbnails/remote/230x230ex/image/vendor_inventory/0a6e/c11b2c8d256ddf7874adde7cf5726e7fd37d8ed63ffb4e65d118e0aad240.jpg	매콤한맛	감자과자
197	프링글스 스파이시 갈릭새우맛	https://thumbnail6.coupangcdn.com/thumbnails/remote/230x230ex/image/vendor_inventory/a0f9/93d465ea52bbf97595b0d770053824adb33a6b5a20b53aee216dca23fc6b.jpg	매콤한맛	감자과자
198	오리온 돌아온 썬 오리지널 273g 대용량 지퍼백	https://thumbnail6.coupangcdn.com/thumbnails/remote/230x230ex/image/vendor_inventory/e022/7edc46a96e6d84faeddcf825a3b83d93ae4182df09485ba90e375df33b1d.jpg	매콤한맛	감자과자
199	스윙칩 핫 볶음고추장맛	https://thumbnail8.coupangcdn.com/thumbnails/remote/230x230ex/image/vendor_inventory/5eb2/81924b6f9e459cda7c067ecddbd9e7cd1ef7455187e283b6eb4df6d16f28.png	매콤한맛	감자과자
200	스윙칩 핫 볶음고추장맛	https://thumbnail7.coupangcdn.com/thumbnails/remote/230x230ex/image/vendor_inventory/5141/de55131fbedcdaab919f54ad571d036c47cbd82bc6fdda63494e7599c70e.jpg	매콤한맛	감자과자
201	영양제과 UD3-감자알칩 14g	https://thumbnail6.coupangcdn.com/thumbnails/remote/230x230ex/image/vendor_inventory/2776/475e45a17b0567c637bd0de55ca5db771faf7c2681f6b84e316af82574d5.jpg	매콤한맛	감자과자
202	스윙칩 볶음고추장맛	https://thumbnail8.coupangcdn.com/thumbnails/remote/230x230ex/image/retail/images/1161757567869317-d29ef057-b6a1-417d-8016-483c09d443ac.jpg	매콤한맛	감자과자
203	프링글스 스파이시 갈릭새우맛	https://thumbnail10.coupangcdn.com/thumbnails/remote/230x230ex/image/vendor_inventory/dba1/3ddadcb01ea9ae16ef48538f9e3c023a3037260f023c06d0d869eba79b88.png	매콤한맛	감자과자
204	켈로그 프링글스 매운맛	https://thumbnail8.coupangcdn.com/thumbnails/remote/230x230ex/image/vendor_inventory/ec63/d2a7c65ad68c550bf8f81ef369da9fef3d4f363791e76061bc7c7bd33d56.png	매콤한맛	감자과자
205	켈로그 프링글스 매운맛	https://thumbnail8.coupangcdn.com/thumbnails/remote/230x230ex/image/vendor_inventory/135f/d184ffecfe1fec0025928e7c98cd1f92c50d6a1ec63a28eb81d3e8152c4b.jpg	매콤한맛	감자과자
206	감자알칩 110g x 12봉지 1박스	https://thumbnail6.coupangcdn.com/thumbnails/remote/230x230ex/image/vendor_inventory/c1a5/ed6918aad6b3db2fd6ad62eb6cabf999512602cc914f7f9581568681c80c.jpg	매콤한맛	감자과자
207	켈로그 프링글스 매운맛	https://thumbnail8.coupangcdn.com/thumbnails/remote/230x230ex/image/vendor_inventory/ec63/d2a7c65ad68c550bf8f81ef369da9fef3d4f363791e76061bc7c7bd33d56.png	매콤한맛	감자과자
208	프링글스 핫 앤 스파이시	https://thumbnail6.coupangcdn.com/thumbnails/remote/230x230ex/image/vendor_inventory/855b/b97b5ba9366ddcc1e25d37f16916b1b3cc61855bb8c7f052b3fd234f7e1f.jpg	매콤한맛	감자과자
209	켈로그 프링글스 매운맛	https://thumbnail8.coupangcdn.com/thumbnails/remote/230x230ex/image/vendor_inventory/135f/d184ffecfe1fec0025928e7c98cd1f92c50d6a1ec63a28eb81d3e8152c4b.jpg	매콤한맛	감자과자
210	오리온 스윙칩 볶음고추장맛M(60g) x 6개	https://thumbnail6.coupangcdn.com/thumbnails/remote/230x230ex/image/vendor_inventory/a496/c7c4fa69a8101afb679ee75dc82adef3f63079892fe0100b2b937c9bbc69.jpg	매콤한맛	감자과자
211	켈로그 프링글스 매운맛	https://thumbnail8.coupangcdn.com/thumbnails/remote/230x230ex/image/vendor_inventory/ec63/d2a7c65ad68c550bf8f81ef369da9fef3d4f363791e76061bc7c7bd33d56.png	매콤한맛	감자과자
212	엘바에 칠리앤라임 감자칩	https://thumbnail6.coupangcdn.com/thumbnails/remote/230x230ex/image/vendor_inventory/82bc/d0828710830dc703afcb14b4a0c71c8f24d813166f08c398bd4a8cf6c50b.jpg	매콤한맛	감자과자
213	프링글스 스파이시 갈릭새우맛	https://thumbnail10.coupangcdn.com/thumbnails/remote/230x230ex/image/vendor_inventory/dba1/3ddadcb01ea9ae16ef48538f9e3c023a3037260f023c06d0d869eba79b88.png	매콤한맛	감자과자
214	켈로그 프링글스 매운맛	https://thumbnail8.coupangcdn.com/thumbnails/remote/230x230ex/image/vendor_inventory/135f/d184ffecfe1fec0025928e7c98cd1f92c50d6a1ec63a28eb81d3e8152c4b.jpg	매콤한맛	감자과자
215	켈로그 프링글스 매운맛	https://thumbnail7.coupangcdn.com/thumbnails/remote/230x230ex/image/vendor_inventory/5af9/32b531ee67b9406c6203f0954aaf8d267e07490fc14f62d561225d56f7fd.png	매콤한맛	감자과자
216	켈로그 프링글스 매운맛	https://thumbnail8.coupangcdn.com/thumbnails/remote/230x230ex/image/vendor_inventory/ec63/d2a7c65ad68c550bf8f81ef369da9fef3d4f363791e76061bc7c7bd33d56.png	매콤한맛	감자과자
217	켈로그 프링글스 매운맛	https://thumbnail8.coupangcdn.com/thumbnails/remote/230x230ex/image/vendor_inventory/135f/d184ffecfe1fec0025928e7c98cd1f92c50d6a1ec63a28eb81d3e8152c4b.jpg	매콤한맛	감자과자
218	스윙칩 핫 볶음고추장맛	https://thumbnail8.coupangcdn.com/thumbnails/remote/230x230ex/image/vendor_inventory/0a6e/c11b2c8d256ddf7874adde7cf5726e7fd37d8ed63ffb4e65d118e0aad240.jpg	매콤한맛	감자과자
219	신제품 오리온 마켓오 감자톡 허브솔트맛 136g x 5봉지 과자 간식 스낵	https://thumbnail8.coupangcdn.com/thumbnails/remote/230x230ex/image/vendor_inventory/4b7f/a5b6d3fb3ae6804afc17729d4d00a26307ded267f9f55c83fe676dc19a87.jpg	매콤한맛	감자과자
220	오리온 돌아온 썬 오리지널 273g 대용량 지퍼백	https://thumbnail8.coupangcdn.com/thumbnails/remote/230x230ex/image/vendor_inventory/e8b7/6d255cd9810c58cc67f17cda3b72f2abab3cbf5cb125d98961d8e394ffa1.jpg	매콤한맛	감자과자
221	프링글스 농심 핫앤스파이시 110g 과자/간식/스낵	https://thumbnail10.coupangcdn.com/thumbnails/remote/230x230ex/image/vendor_inventory/e658/1b4e33cbd257d7887b0c5982fc0f7a5f767da100c94979b3d358daa81f26.jpg	매콤한맛	감자과자
222	켈로그 프링글스 매운맛	https://thumbnail8.coupangcdn.com/thumbnails/remote/230x230ex/image/vendor_inventory/bee8/1ff35d77064155ad28a1c6048a84739ea9c631884cfe9717b8d6776977b3.jpg	매콤한맛	감자과자
223	해태 달군감자 매콤한맛 80g	https://thumbnail9.coupangcdn.com/thumbnails/remote/230x230ex/image/vendor_inventory/99c0/3654fcacb9c363ea6daf79ae48fc0f9c8e78dd292951e93438e2cf1376d1.jpg	매콤한맛	감자과자
224	농심켈로그 프링글스 스파이시 갈릭새우맛 감자칩	https://thumbnail10.coupangcdn.com/thumbnails/remote/230x230ex/image/vendor_inventory/dba1/3ddadcb01ea9ae16ef48538f9e3c023a3037260f023c06d0d869eba79b88.png	매콤한맛	감자과자
225	농심켈로그 프링글스 스파이시 갈릭새우맛 감자칩	https://thumbnail10.coupangcdn.com/thumbnails/remote/230x230ex/image/vendor_inventory/dba1/3ddadcb01ea9ae16ef48538f9e3c023a3037260f023c06d0d869eba79b88.png	매콤한맛	감자과자
226	농심켈로그 프링글스 스파이시 갈릭새우맛 감자칩	https://thumbnail10.coupangcdn.com/thumbnails/remote/230x230ex/image/vendor_inventory/dba1/3ddadcb01ea9ae16ef48538f9e3c023a3037260f023c06d0d869eba79b88.png	매콤한맛	감자과자
227	농심켈로그 프링글스 스파이시 갈릭새우맛 감자칩	https://thumbnail6.coupangcdn.com/thumbnails/remote/230x230ex/image/retail/images/7459793353201855-4ccd7cf3-7963-4537-be1d-66ed447d8017.jpg	매콤한맛	감자과자
228	스윙칩 핫 볶음고추장맛	https://thumbnail8.coupangcdn.com/thumbnails/remote/230x230ex/image/vendor_inventory/0a6e/c11b2c8d256ddf7874adde7cf5726e7fd37d8ed63ffb4e65d118e0aad240.jpg	매콤한맛	감자과자
229	마켓오 감자톡 매콤달콤맛	https://thumbnail6.coupangcdn.com/thumbnails/remote/230x230ex/image/vendor_inventory/73ee/b125636edd69e0b8c8a82771b3600404a33b647ad69454642b878059dd15.jpg	매콤한맛	감자과자
230	스윙칩 핫 볶음고추장맛	https://thumbnail10.coupangcdn.com/thumbnails/remote/230x230ex/image/vendor_inventory/cba9/b887e2e545a3e39d7abd93280ab05fd9b26bb2783f0b9d42dc290beb5a7b.png	매콤한맛	감자과자
231	농심 감튀 레드칠리맛 과자	https://thumbnail6.coupangcdn.com/thumbnails/remote/230x230ex/image/vendor_inventory/f61e/2f2aced43b6da6b2d42e4d393837e812f8d6b6294c96b0be33dedebe10f0.jpg	매콤한맛	감자과자
232	스윙칩 핫 볶음고추장맛	https://thumbnail10.coupangcdn.com/thumbnails/remote/230x230ex/image/vendor_inventory/4751/48601c0c6fffb7cfb39bd17a6e8b9b02ef49c4555556894f390771a40fa2.JPG	매콤한맛	감자과자
233	스윙칩 볶음고추장 124G x 3개	https://thumbnail9.coupangcdn.com/thumbnails/remote/230x230ex/image/vendor_inventory/8889/3653ef1db97d723fbaa6ea8b79f38a0e3d05a5d5046ba8b05846251e2656.jpg	매콤한맛	감자과자
234	Aroma Black Summer Truffle 포테이토칩 3봉지 감자칩 오리지널 매운맛 치즈	https://thumbnail6.coupangcdn.com/thumbnails/remote/230x230ex/image/vendor_inventory/d069/04e781fe491817d9752f2fad79b9a934c2f517d4c6bbafd9fc65fd0fc2d5.png	매콤한맛	감자과자
235	켈로그 프링글스 매운맛	https://thumbnail8.coupangcdn.com/thumbnails/remote/230x230ex/image/vendor_inventory/6535/e4bc9e97ccdb6e684e894465b921a2cb781df43c6ec70774c6b44a41bf9a.JPG	매콤한맛	감자과자
236	싱가포르 Snacky Crips 매운 트러플 감자칩 3봉지 포테이토칩 안주	https://thumbnail6.coupangcdn.com/thumbnails/remote/230x230ex/image/vendor_inventory/2b84/f6b701690f282190f462e7b10a2b344cd7a1505a8f97cf2736aa47de0809.png	매콤한맛	감자과자
237	스윙칩 핫 볶음고추장맛	https://thumbnail10.coupangcdn.com/thumbnails/remote/230x230ex/image/vendor_inventory/cba9/b887e2e545a3e39d7abd93280ab05fd9b26bb2783f0b9d42dc290beb5a7b.png	매콤한맛	감자과자
238	싱가포르 Snacky Crips 매운 트러플 감자칩 3봉지 포테이토칩 안주	https://thumbnail7.coupangcdn.com/thumbnails/remote/230x230ex/image/vendor_inventory/3678/dc45510c5e40771c7a40e41605413aa618189459feadea605cd737a5ba7c.png	매콤한맛	감자과자
239	싱가포르 Snacky Crips 포테이토칩 3봉지 스파이시 크랩 감자칩 안주	https://thumbnail7.coupangcdn.com/thumbnails/remote/230x230ex/image/vendor_inventory/3678/dc45510c5e40771c7a40e41605413aa618189459feadea605cd737a5ba7c.png	매콤한맛	감자과자
240	싱가포르 Snacky Crips 매운 트러플 감자칩 3봉지 포테이토칩 안주	https://thumbnail9.coupangcdn.com/thumbnails/remote/230x230ex/image/vendor_inventory/e6f4/b60e8f26ea5117da58b8b374813f1cf1e9470ed812a67bb3b8f0bb45a79b.png	매콤한맛	감자과자
241	프링글스 양파맛	https://thumbnail8.coupangcdn.com/thumbnails/remote/230x230ex/image/retail/images/4198267778968524-fe2fd7e0-5e63-48d0-80c0-e612f8c1217c.jpg	새콤한맛	감자과자
242	프링글스 양파맛	https://thumbnail10.coupangcdn.com/thumbnails/remote/230x230ex/image/vendor_inventory/ca14/fef52297e3f929996a8c240522614e9f4e26b8c4111b0b9b5d21269a1208.jpg	새콤한맛	감자과자
243	[쿠팡수입] 포테이토 크리스프 스낵 사워크림맛 50개입	https://thumbnail6.coupangcdn.com/thumbnails/remote/230x230ex/image/retail/images/2624128505229657-e7d75e7b-48eb-4e02-a27e-1871b1c44cd3.jpg	새콤한맛	감자과자
244	프링글스 양파맛	https://thumbnail8.coupangcdn.com/thumbnails/remote/230x230ex/image/vendor_inventory/c05d/6cf7179ef83233c59585c2b581b55574d1cc766385ec756640a19d550cbf.jpg	새콤한맛	감자과자
245	[쿠팡수입] 포테이토 크리스프 스낵 사워크림맛 50개입	https://thumbnail6.coupangcdn.com/thumbnails/remote/230x230ex/image/retail/images/2624128505229657-e7d75e7b-48eb-4e02-a27e-1871b1c44cd3.jpg	새콤한맛	감자과자
246	윈윈푸드 포테이토 크리스프 사워크림맛	https://thumbnail6.coupangcdn.com/thumbnails/remote/230x230ex/image/vendor_inventory/0bcd/48e46468616829e3d615fc9ee1e4da0faf364d7f612f7a10004f58b41db6.jpg	새콤한맛	감자과자
247	프링글스 양파맛	https://thumbnail7.coupangcdn.com/thumbnails/remote/230x230ex/image/vendor_inventory/ca49/677ffc3c7c78b0590c18bfbf82ef8a9754a43f1d33381008b8d85c93dc3d.jpg	새콤한맛	감자과자
248	프링글스 양파맛	https://thumbnail9.coupangcdn.com/thumbnails/remote/230x230ex/image/vendor_inventory/d4b3/ef142d8d37324a61f95787e3e54162eb4c8850340dd15b93917b0cf8511c.jpg	새콤한맛	감자과자
249	프링글스 양파맛	https://thumbnail8.coupangcdn.com/thumbnails/remote/230x230ex/image/vendor_inventory/130d/d98af7f20f4fa3da52db1fb39117e9726151b4a34743dabd1f0679922480.png	새콤한맛	감자과자
250	오리온 스윙칩 갈릭 디핑소스맛 60g 20개	https://thumbnail9.coupangcdn.com/thumbnails/remote/230x230ex/image/vendor_inventory/95d8/54956b34f59594c45e29032440e1250c4bbffa92815e17bc3410a012f975.JPG	새콤한맛	감자과자
251	윈윈푸드 포테이토 크리스프 사워크림맛	https://thumbnail6.coupangcdn.com/thumbnails/remote/230x230ex/image/product/image/vendoritem/2017/08/28/3039010594/64f7e1c0-3a3f-4e85-85a7-493c46ea3afb.jpg	새콤한맛	감자과자
252	프링글스 양파맛	https://thumbnail7.coupangcdn.com/thumbnails/remote/230x230ex/image/vendor_inventory/ca49/677ffc3c7c78b0590c18bfbf82ef8a9754a43f1d33381008b8d85c93dc3d.jpg	새콤한맛	감자과자
253	오리온 스윙칩 갈릭 디핑소스맛 60g 10개	https://thumbnail8.coupangcdn.com/thumbnails/remote/230x230ex/image/vendor_inventory/0c54/1e3e61cd3966717d2d32aa409abd9a74dedef3b7b5b84e08abf15fd6e411.jpg	새콤한맛	감자과자
254	프링글스 양파맛	https://thumbnail7.coupangcdn.com/thumbnails/remote/230x230ex/image/vendor_inventory/ca49/677ffc3c7c78b0590c18bfbf82ef8a9754a43f1d33381008b8d85c93dc3d.jpg	새콤한맛	감자과자
255	어글리즈 케틀칩 체다 앤 사워크림	https://thumbnail10.coupangcdn.com/thumbnails/remote/230x230ex/image/rs_quotation_api/yca7urch/28ef3ad60ce849bda20f041b2e10d4d3.jpg	새콤한맛	감자과자
256	프링글스 양파맛	https://thumbnail7.coupangcdn.com/thumbnails/remote/230x230ex/image/vendor_inventory/4ab0/b5dffe64093304d304a300afc8b6141fa71da6f04b0238c4d890fbd01593.png	새콤한맛	감자과자
257	프링글스 양파맛	https://thumbnail6.coupangcdn.com/thumbnails/remote/230x230ex/image/vendor_inventory/902e/3ffe28fa9318e647f286cdc15eeb0f8225e9e7cb104134f1b053ea2127e7.jpg	새콤한맛	감자과자
258	프링글스 양파맛	https://thumbnail6.coupangcdn.com/thumbnails/remote/230x230ex/image/vendor_inventory/902e/3ffe28fa9318e647f286cdc15eeb0f8225e9e7cb104134f1b053ea2127e7.jpg	새콤한맛	감자과자
259	프링글스 양파맛	https://thumbnail7.coupangcdn.com/thumbnails/remote/230x230ex/image/retail/images/3300272448657505-da25a43b-88eb-42ea-a7fb-e1cc8322ac3f.png	새콤한맛	감자과자
260	레이트줄라이 씬 & 크리스피 포테이토 칩 서린 사우어 크림 어니언	https://thumbnail7.coupangcdn.com/thumbnails/remote/230x230ex/image/vendor_inventory/3a96/5106be1fd2c3bcff5ebe61d19f2b4fb95cf9c363e72c0dec915057372700.jpg	새콤한맛	감자과자
261	레이즈 감자칩	https://thumbnail8.coupangcdn.com/thumbnails/remote/230x230ex/image/vendor_inventory/d6de/f194b701ed1df19edd07162499d1e800a22f46127aeb05f3c485d16f60a7.jpg	새콤한맛	감자과자
262	프링글스 양파맛	https://thumbnail7.coupangcdn.com/thumbnails/remote/230x230ex/image/vendor_inventory/171f/7b1f7811e597c15fae8c0f21d9646eba1b279621452ae66172da1f4c2a4a.jpg	새콤한맛	감자과자
263	프링글스 파티 스택 사우어 크림 앤 어니언 포테이토 크리스프	https://thumbnail6.coupangcdn.com/thumbnails/remote/230x230ex/image/vendor_inventory/47c8/76836b66a88d332ce204fdc9c58154eca324e51619b4d085e2d146e557f9.png	새콤한맛	감자과자
264	켈로그 프링글스 미니 양파 4p	https://thumbnail6.coupangcdn.com/thumbnails/remote/230x230ex/image/retail/images/2719550449315636-aa256631-8217-48f7-8a3b-d5682bce2c62.jpg	새콤한맛	감자과자
265	롯데제과 에어 베이크드 포테이토 스낵 사워크림어니언	https://thumbnail10.coupangcdn.com/thumbnails/remote/230x230ex/image/retail/images/2020/09/03/12/7/374b13f4-51ef-48d2-9c12-5d2de5acf0e4.jpg	새콤한맛	감자과자
266	판판 포테이토칩 사워크림&어니언	https://thumbnail9.coupangcdn.com/thumbnails/remote/230x230ex/image/retail/images/249381109830630-f53b167e-a1cb-43de-a4c4-9385d372b5f1.jpg	새콤한맛	감자과자
267	롯데제과 아 그칩 랜치토네이도	https://thumbnail10.coupangcdn.com/thumbnails/remote/230x230ex/image/retail/images/2018/07/05/13/9/d887e609-78db-438a-a321-b1069a05167a.jpg	새콤한맛	감자과자
